screen,exit,n,net_pct,control_pct,excess_pct,t_vs_control,gross_pct,cost_drag,win_pct,avg_win,avg_loss,profit_factor,t_stat,med_bars,exit_stop,exit_target,exit_time
Volume thrust / accumulation,2ATR stop / 3R target,10755,1.844,1.98,-0.136,-0.8,2.203,0.359,33.7,21.1,-7.94,1.35,13.3,15,65,31,3
Volume thrust / accumulation,2ATR stop / 2R target,10755,0.971,1.161,-0.19,-1.5,1.328,0.358,40.0,14.37,-7.97,1.2,8.8,11,59,39,2
Volume thrust / accumulation,1.5ATR stop / 3R target,10755,0.579,0.886,-0.307,-2.5,0.936,0.357,30.1,16.12,-6.12,1.14,5.6,8,70,29,1
Volume thrust / accumulation,3ATR stop / 4R target,10755,6.097,5.475,0.622,2.3,6.462,0.365,40.0,32.09,-11.26,1.9,26.1,43,57,22,21
Volume thrust / accumulation,8% stop / 20% target,10755,1.614,1.598,0.016,0.1,1.973,0.359,37.2,18.64,-8.47,1.3,12.5,16,62,34,4
Volume thrust / accumulation,3ATR chandelier trail,10755,-0.392,0.284,-0.676,-5.1,-0.036,0.356,34.7,10.89,-6.38,0.91,-3.5,13,99,0,1
Volume thrust / accumulation,"no stop, hold 63d",10755,7.559,5.954,1.605,5.7,7.926,0.367,57.8,22.09,-12.38,2.45,30.9,63,0,0,100
52-week breakout on volume,2ATR stop / 3R target,13011,1.684,1.98,-0.296,-2.0,2.042,0.359,33.4,19.6,-7.31,1.35,14.3,14,66,32,2
52-week breakout on volume,2ATR stop / 2R target,13011,0.758,1.161,-0.403,-3.5,1.116,0.358,39.3,13.19,-7.3,1.17,8.2,11,60,39,1
52-week breakout on volume,1.5ATR stop / 3R target,13011,0.436,0.886,-0.45,-4.1,0.793,0.357,29.6,14.84,-5.61,1.11,5.1,8,70,29,1
52-week breakout on volume,3ATR stop / 4R target,13011,6.033,5.475,0.558,2.3,6.398,0.365,39.7,31.03,-10.43,1.96,29.8,41,58,24,18
52-week breakout on volume,8% stop / 20% target,13011,2.001,1.598,0.403,2.8,2.36,0.359,38.7,18.56,-8.46,1.39,16.9,19,60,35,4
52-week breakout on volume,3ATR chandelier trail,13011,-0.225,0.284,-0.509,-4.2,0.131,0.356,34.7,10.63,-5.98,0.94,-2.3,13,99,0,1
52-week breakout on volume,"no stop, hold 63d",13011,7.732,5.954,1.778,7.0,8.099,0.367,59.9,20.78,-11.75,2.64,36.3,63,0,0,100
Momentum leader,2ATR stop / 3R target,11775,2.347,1.98,0.367,2.3,2.707,0.36,35.4,20.61,-7.64,1.48,17.9,18,64,33,2
Momentum leader,2ATR stop / 2R target,11775,1.329,1.161,0.168,1.4,1.688,0.359,41.6,13.92,-7.66,1.3,12.9,13,58,41,1
Momentum leader,1.5ATR stop / 3R target,11775,1.084,0.886,0.198,1.7,1.442,0.358,32.3,15.71,-5.9,1.27,11.1,11,67,32,1
Momentum leader,3ATR stop / 4R target,11775,6.463,5.475,0.988,3.8,6.829,0.366,41.4,31.04,-10.9,2.01,29.8,47,56,23,21
Momentum leader,8% stop / 20% target,11775,2.459,1.598,0.861,5.8,2.819,0.36,40.2,18.75,-8.48,1.48,19.7,20,59,38,4
Momentum leader,3ATR chandelier trail,11775,0.446,0.284,0.162,1.2,0.803,0.357,38.5,10.75,-6.01,1.12,4.0,15,99,0,1
Momentum leader,"no stop, hold 63d",11775,7.254,5.954,1.3,5.0,7.621,0.367,59.4,20.54,-12.2,2.46,33.3,63,0,0,100
VCP (volatility contraction),2ATR stop / 3R target,6538,1.711,1.98,-0.269,-1.5,2.07,0.359,34.2,18.11,-6.82,1.38,11.1,16,65,33,2
VCP (volatility contraction),2ATR stop / 2R target,6538,0.887,1.161,-0.274,-2.0,1.245,0.358,40.6,12.15,-6.81,1.22,7.4,12,59,40,1
VCP (volatility contraction),1.5ATR stop / 3R target,6538,0.567,0.886,-0.319,-2.4,0.924,0.357,30.9,13.62,-5.27,1.16,5.0,9,69,30,0
VCP (volatility contraction),3ATR stop / 4R target,6538,5.548,5.475,0.073,0.2,5.913,0.364,39.1,29.35,-9.72,1.94,21.0,42,59,25,16
VCP (volatility contraction),8% stop / 20% target,6538,2.39,1.598,0.792,4.3,2.75,0.36,40.4,18.42,-8.47,1.47,14.3,23,58,37,5
VCP (volatility contraction),3ATR chandelier trail,6538,0.333,0.284,0.049,0.3,0.69,0.357,37.4,9.91,-5.39,1.1,2.5,14,99,0,1
VCP (volatility contraction),"no stop, hold 63d",6538,7.251,5.954,1.297,4.2,7.618,0.367,59.9,19.48,-11.02,2.64,26.3,63,0,0,100
Near breakout - price,2ATR stop / 3R target,13034,1.111,1.98,-0.869,-7.1,1.47,0.358,33.8,14.14,-5.53,1.3,13.0,16,66,32,2
Near breakout - price,2ATR stop / 2R target,13034,0.49,1.161,-0.671,-6.9,0.848,0.357,40.1,9.5,-5.54,1.15,7.2,12,60,39,1
Near breakout - price,1.5ATR stop / 3R target,13034,0.272,0.886,-0.614,-6.7,0.629,0.357,30.4,10.69,-4.27,1.09,4.3,9,69,30,1
Near breakout - price,3ATR stop / 4R target,13034,3.665,5.475,-1.81,-9.0,4.027,0.362,38.0,22.53,-7.92,1.75,25.2,41,60,23,17
Near breakout - price,8% stop / 20% target,13034,2.721,1.598,1.123,7.9,3.081,0.361,43.4,17.16,-8.36,1.58,23.5,35,54,35,11
Near breakout - price,3ATR chandelier trail,13034,0.135,0.284,-0.149,-1.4,0.492,0.357,36.8,8.01,-4.46,1.05,1.8,14,99,0,1
Near breakout - price,"no stop, hold 63d",13034,4.523,5.954,-1.431,-7.0,4.886,0.363,58.9,14.59,-9.89,2.11,30.2,63,0,0,100
Near breakout - volume,2ATR stop / 3R target,2819,1.164,1.98,-0.816,-4.5,1.522,0.358,35.7,11.97,-4.83,1.37,7.4,15,64,34,2
Near breakout - volume,2ATR stop / 2R target,2819,0.538,1.161,-0.623,-4.4,0.896,0.358,41.8,8.04,-4.84,1.19,4.4,11,58,41,1
Near breakout - volume,1.5ATR stop / 3R target,2819,0.444,0.886,-0.442,-3.3,0.802,0.357,32.4,9.15,-3.73,1.18,3.8,9,67,32,1
Near breakout - volume,3ATR stop / 4R target,2819,3.366,5.475,-2.109,-7.0,3.727,0.361,39.0,19.34,-6.86,1.81,12.7,38,59,25,17
Near breakout - volume,8% stop / 20% target,2819,3.144,1.598,1.546,6.0,3.506,0.361,45.7,16.55,-8.15,1.71,12.9,41,51,34,15
Near breakout - volume,3ATR chandelier trail,2819,0.155,0.284,-0.129,-0.8,0.512,0.357,38.0,6.86,-3.96,1.06,1.1,14,99,0,1
Near breakout - volume,"no stop, hold 63d",2819,3.581,5.954,-2.373,-7.2,3.943,0.362,57.8,13.15,-9.52,1.89,12.0,63,0,0,100
Pocket pivot,2ATR stop / 3R target,40702,1.647,1.98,-0.333,-3.0,2.005,0.359,33.6,18.9,-7.09,1.35,25.5,15,66,32,2
Pocket pivot,2ATR stop / 2R target,40702,0.766,1.161,-0.395,-4.6,1.123,0.358,39.6,12.74,-7.1,1.18,15.0,12,60,39,1
Pocket pivot,1.5ATR stop / 3R target,40702,0.508,0.886,-0.378,-4.6,0.865,0.357,30.1,14.33,-5.45,1.13,10.7,9,70,30,1
Pocket pivot,3ATR stop / 4R target,40702,5.545,5.475,0.07,0.4,5.909,0.364,39.5,29.49,-10.1,1.91,50.6,42,58,24,19
Pocket pivot,8% stop / 20% target,40702,2.086,1.598,0.488,4.6,2.445,0.359,39.4,18.29,-8.45,1.41,31.4,22,59,35,6
Pocket pivot,3ATR chandelier trail,40702,-0.064,0.284,-0.348,-3.9,0.293,0.356,36.2,9.9,-5.73,0.98,-1.2,14,99,0,1
Pocket pivot,"no stop, hold 63d",40702,6.663,5.954,0.709,4.0,7.029,0.366,58.3,19.82,-11.77,2.36,58.4,63,0,0,100
Darvas box breakout,2ATR stop / 3R target,4197,1.277,1.98,-0.703,-3.4,1.635,0.358,32.2,18.13,-6.72,1.28,6.7,14,67,30,3
Darvas box breakout,2ATR stop / 2R target,4197,0.432,1.161,-0.729,-4.4,0.789,0.357,38.0,12.15,-6.74,1.1,2.9,11,61,37,1
Darvas box breakout,1.5ATR stop / 3R target,4197,0.236,0.886,-0.65,-4.2,0.593,0.357,28.6,13.71,-5.17,1.06,1.7,8,71,28,1
Darvas box breakout,3ATR stop / 4R target,4197,4.567,5.475,-0.908,-2.6,4.93,0.363,37.2,28.45,-9.57,1.76,14.2,38,60,22,18
Darvas box breakout,8% stop / 20% target,4197,1.794,1.598,0.196,0.9,2.153,0.359,38.5,18.04,-8.38,1.35,8.8,22,60,34,7
Darvas box breakout,3ATR chandelier trail,4197,-0.279,0.284,-0.563,-3.2,0.078,0.356,34.4,9.91,-5.62,0.92,-1.7,13,99,0,1
Darvas box breakout,"no stop, hold 63d",4197,6.014,5.954,0.06,0.2,6.379,0.365,57.9,18.86,-11.63,2.23,17.4,63,0,0,100
RS line new high,2ATR stop / 3R target,16521,1.807,1.98,-0.173,-1.3,2.166,0.359,34.0,19.75,-7.44,1.37,16.9,15,65,32,3
RS line new high,2ATR stop / 2R target,16521,0.919,1.161,-0.242,-2.2,1.277,0.358,40.1,13.41,-7.44,1.21,10.9,12,59,39,1
RS line new high,1.5ATR stop / 3R target,16521,0.599,0.886,-0.287,-2.8,0.956,0.358,30.5,15.05,-5.73,1.15,7.6,8,69,30,1
RS line new high,3ATR stop / 4R target,16521,5.947,5.475,0.472,2.1,6.312,0.365,40.4,30.27,-10.56,1.95,33.2,42,57,23,20
RS line new high,8% stop / 20% target,16521,2.02,1.598,0.422,3.2,2.379,0.359,39.1,18.3,-8.44,1.39,19.4,19,59,35,5
RS line new high,3ATR chandelier trail,16521,0.075,0.284,-0.209,-1.8,0.432,0.357,36.4,10.69,-6.0,1.02,0.8,14,99,0,1
RS line new high,"no stop, hold 63d",16521,7.533,5.954,1.579,6.9,7.9,0.367,60.0,20.35,-11.72,2.61,40.9,63,0,0,100
"Supertrend flip (10,3)",2ATR stop / 3R target,12013,1.651,1.98,-0.329,-2.2,2.01,0.359,34.1,18.36,-6.99,1.36,14.1,17,65,31,4
"Supertrend flip (10,3)",2ATR stop / 2R target,12013,0.769,1.161,-0.392,-3.4,1.127,0.358,39.7,12.55,-7.0,1.18,8.3,13,60,39,2
"Supertrend flip (10,3)",1.5ATR stop / 3R target,12013,0.532,0.886,-0.354,-3.3,0.889,0.357,30.3,14.12,-5.38,1.14,6.2,10,69,29,1
"Supertrend flip (10,3)",3ATR stop / 4R target,12013,5.169,5.475,-0.306,-1.3,5.533,0.364,39.9,27.87,-9.93,1.87,26.5,44,57,22,21
"Supertrend flip (10,3)",8% stop / 20% target,12013,2.018,1.598,0.42,2.9,2.377,0.359,39.7,17.89,-8.42,1.4,16.7,24,58,34,7
"Supertrend flip (10,3)",3ATR chandelier trail,12013,-0.065,0.284,-0.349,-2.9,0.292,0.356,35.8,9.82,-5.58,0.98,-0.7,15,99,0,1
"Supertrend flip (10,3)","no stop, hold 63d",12013,5.602,5.954,-0.352,-1.4,5.967,0.364,56.5,18.91,-11.68,2.1,27.7,63,0,0,100
NR7 breakout,2ATR stop / 3R target,22258,1.646,1.98,-0.334,-2.7,2.005,0.359,33.8,18.69,-7.05,1.35,18.8,17,65,31,4
NR7 breakout,2ATR stop / 2R target,22258,0.874,1.161,-0.287,-2.9,1.232,0.358,40.1,12.76,-7.07,1.21,12.6,13,59,39,2
NR7 breakout,1.5ATR stop / 3R target,22258,0.586,0.886,-0.3,-3.2,0.943,0.357,30.5,14.36,-5.46,1.15,9.0,10,69,30,1
NR7 breakout,3ATR stop / 4R target,22258,5.175,5.475,-0.3,-1.5,5.539,0.364,39.5,28.2,-9.87,1.87,35.8,45,57,21,22
NR7 breakout,8% stop / 20% target,22258,1.955,1.598,0.357,3.0,2.314,0.359,39.3,17.94,-8.41,1.38,22.0,24,59,34,7
NR7 breakout,3ATR chandelier trail,22258,0.125,0.284,-0.159,-1.6,0.481,0.357,36.9,9.84,-5.56,1.04,1.7,15,99,0,1
NR7 breakout,"no stop, hold 63d",22258,6.052,5.954,0.098,0.5,6.417,0.365,57.9,18.6,-11.19,2.28,41.3,63,0,0,100
Inside bar breakout,2ATR stop / 3R target,15436,1.645,1.98,-0.335,-2.4,2.004,0.359,33.8,18.83,-7.12,1.35,15.6,16,66,32,3
Inside bar breakout,2ATR stop / 2R target,15436,0.913,1.161,-0.248,-2.3,1.271,0.358,40.3,12.79,-7.12,1.21,11.0,13,59,40,1
Inside bar breakout,1.5ATR stop / 3R target,15436,0.55,0.886,-0.336,-3.3,0.907,0.357,30.3,14.41,-5.48,1.14,7.0,9,69,30,1
Inside bar breakout,3ATR stop / 4R target,15436,5.569,5.475,0.094,0.4,5.933,0.364,40.0,29.13,-10.11,1.92,31.4,44,57,23,20
Inside bar breakout,8% stop / 20% target,15436,2.155,1.598,0.557,4.1,2.514,0.36,39.7,18.23,-8.44,1.42,20.0,22,59,35,6
Inside bar breakout,3ATR chandelier trail,15436,-0.157,0.284,-0.441,-4.0,0.199,0.356,36.2,9.57,-5.68,0.96,-1.9,14,99,0,1
Inside bar breakout,"no stop, hold 63d",15436,6.553,5.954,0.599,2.6,6.918,0.366,58.5,19.38,-11.5,2.37,35.9,63,0,0,100
Bullish engulfing at 50DMA,2ATR stop / 3R target,5452,1.358,1.98,-0.622,-3.3,1.716,0.359,33.3,17.67,-6.78,1.3,8.1,17,66,31,3
Bullish engulfing at 50DMA,2ATR stop / 2R target,5452,0.584,1.161,-0.577,-3.8,0.942,0.358,39.3,12.03,-6.82,1.14,4.4,14,60,38,1
Bullish engulfing at 50DMA,1.5ATR stop / 3R target,5452,0.354,0.886,-0.532,-3.8,0.712,0.357,29.6,13.63,-5.22,1.1,2.8,10,70,29,1
Bullish engulfing at 50DMA,3ATR stop / 4R target,5452,4.359,5.475,-1.116,-3.6,4.722,0.363,38.8,26.43,-9.66,1.74,15.7,46,58,20,21
Bullish engulfing at 50DMA,8% stop / 20% target,5452,1.802,1.598,0.204,1.0,2.162,0.359,39.2,17.69,-8.43,1.35,10.0,26,59,33,8
Bullish engulfing at 50DMA,3ATR chandelier trail,5452,-0.082,0.284,-0.366,-2.5,0.275,0.357,37.3,8.73,-5.31,0.98,-0.6,15,99,0,1
Bullish engulfing at 50DMA,"no stop, hold 63d",5452,4.3,5.954,-1.654,-5.5,4.663,0.363,56.2,16.58,-11.44,1.86,16.1,63,0,0,100
Hammer at 50DMA,2ATR stop / 3R target,5023,1.673,1.98,-0.307,-1.6,2.032,0.359,34.6,17.35,-6.63,1.39,9.7,18,65,32,3
Hammer at 50DMA,2ATR stop / 2R target,5023,0.933,1.161,-0.228,-1.5,1.291,0.358,41.0,11.83,-6.65,1.24,6.9,13,58,40,2
Hammer at 50DMA,1.5ATR stop / 3R target,5023,0.625,0.886,-0.261,-1.8,0.983,0.358,31.3,13.29,-5.13,1.18,4.9,10,68,30,1
Hammer at 50DMA,3ATR stop / 4R target,5023,4.192,5.475,-1.283,-4.1,4.555,0.363,38.9,25.62,-9.43,1.73,14.9,47,58,20,22
Hammer at 50DMA,8% stop / 20% target,5023,2.182,1.598,0.584,2.9,2.542,0.36,40.8,17.49,-8.36,1.44,11.8,27,57,34,9
Hammer at 50DMA,3ATR chandelier trail,5023,0.12,0.284,-0.164,-1.1,0.477,0.357,38.6,8.73,-5.29,1.04,0.9,15,99,0,1
Hammer at 50DMA,"no stop, hold 63d",5023,4.646,5.954,-1.308,-4.2,5.009,0.363,56.9,16.56,-11.11,1.97,16.5,63,0,0,100
MACD bullish crossover,2ATR stop / 3R target,18961,1.73,1.98,-0.25,-1.9,2.089,0.359,34.3,18.31,-6.91,1.38,18.5,17,65,32,3
MACD bullish crossover,2ATR stop / 2R target,18961,0.904,1.161,-0.257,-2.5,1.262,0.358,40.3,12.51,-6.93,1.22,12.3,13,59,39,2
MACD bullish crossover,1.5ATR stop / 3R target,18961,0.728,0.886,-0.158,-1.6,1.086,0.358,31.3,14.08,-5.35,1.2,10.5,10,68,30,1
MACD bullish crossover,3ATR stop / 4R target,18961,4.934,5.475,-0.541,-2.6,5.297,0.363,39.2,27.77,-9.78,1.83,32.1,45,58,21,21
MACD bullish crossover,8% stop / 20% target,18961,2.04,1.598,0.442,3.5,2.4,0.359,39.6,18.02,-8.42,1.4,21.1,25,59,35,7
MACD bullish crossover,3ATR chandelier trail,18961,0.186,0.284,-0.098,-0.9,0.542,0.357,37.7,9.56,-5.48,1.05,2.4,15,99,0,1
MACD bullish crossover,"no stop, hold 63d",18961,5.199,5.954,-0.755,-3.7,5.562,0.364,56.2,18.27,-11.55,2.03,33.6,63,0,0,100
Golden crossover (50/200),2ATR stop / 3R target,3814,2.09,1.98,0.11,0.5,2.449,0.359,34.8,18.82,-6.86,1.47,9.7,18,64,32,4
Golden crossover (50/200),2ATR stop / 2R target,3814,1.137,1.161,-0.024,-0.1,1.495,0.358,40.6,12.83,-6.85,1.28,6.8,14,59,40,2
Golden crossover (50/200),1.5ATR stop / 3R target,3814,0.876,0.886,-0.01,-0.1,1.234,0.358,31.3,14.45,-5.31,1.24,5.5,10,68,30,2
Golden crossover (50/200),3ATR stop / 4R target,3814,5.753,5.475,0.278,0.7,6.118,0.364,40.6,28.24,-9.59,2.01,16.3,46,56,21,23
Golden crossover (50/200),8% stop / 20% target,3814,2.323,1.598,0.725,3.1,2.683,0.36,40.9,17.82,-8.4,1.47,10.8,25,57,35,8
Golden crossover (50/200),3ATR chandelier trail,3814,0.242,0.284,-0.042,-0.2,0.599,0.357,36.5,9.99,-5.36,1.07,1.4,15,99,0,1
Golden crossover (50/200),"no stop, hold 63d",3814,5.822,5.954,-0.132,-0.3,6.186,0.365,57.2,18.87,-11.59,2.17,15.6,63,0,0,100
